epoch,time,train/box_loss,train/cls_loss,train/dfl_loss,metrics/precision(B),metrics/recall(B),metrics/mAP50(B),metrics/mAP50-95(B),val/box_loss,val/cls_loss,val/dfl_loss,lr/pg0,lr/pg1,lr/pg2
1,19.4052,6.96157,40.7625,4.42319,0,0,0,0,2.01748,19.0938,1.18083,0.0003,0.0003,0.0003
2,26.2628,6.66228,27.2005,4.1655,0,0,0,0,1.70609,18.9375,1.00354,0.000617954,0.000617954,0.000617954
3,33.7783,5.11934,6.45544,3.50214,0,0,0,0,0.80718,18.5,0.48667,0.000933796,0.000933796,0.000933796
4,40.534,4.22581,3.75048,2.93645,0,0,0,0,0.11482,18.1406,0.07267,0.00124753,0.00124753,0.00124753
5,47.8632,3.75979,2.59142,2.55748,0,0,0,0,0.00484,15.625,0.00325,0.00155914,0.00155914,0.00155914
6,55.8281,3.40345,2.11028,2.41296,0,0,0,0,1e-05,4.03516,1e-05,0.00186865,0.00186865,0.00186865
7,62.4487,3.16976,1.86107,2.30954,0.33199,0.17857,0.22304,0.07077,2.78226,2.48792,2.33764,0.0019604,0.0019604,0.0019604
8,69.8191,3.14871,1.81598,2.27765,0.24118,0.60714,0.27644,0.08312,2.72099,1.59983,2.2693,0.0019538,0.0019538,0.0019538
9,76.4081,3.00177,1.67274,2.28509,0.48364,0.64286,0.48638,0.17567,2.64994,1.61354,2.18393,0.0019472,0.0019472,0.0019472
10,84.1015,3.06912,1.67693,2.2577,0.4174,0.75,0.4803,0.17253,2.51204,1.43388,2.13272,0.0019406,0.0019406,0.0019406
11,90.5222,2.8744,1.54767,2.20844,0.51055,0.5,0.41639,0.12453,2.48644,1.87866,2.15812,0.001934,0.001934,0.001934
12,97.74,2.80877,1.51214,2.1432,0.6065,0.60557,0.69603,0.20666,2.36819,1.56079,2.10095,0.0019274,0.0019274,0.0019274
13,104.387,2.776,1.4812,2.11695,0.27127,0.35714,0.20316,0.05314,2.80648,2.08124,2.24967,0.0019208,0.0019208,0.0019208
14,111.517,2.66028,1.46021,2.0775,0.58527,0.60487,0.65534,0.21406,2.48516,1.44842,2.05231,0.0019142,0.0019142,0.0019142
15,120.191,2.68133,1.42319,2.04092,0.62752,0.84258,0.84384,0.32789,2.35015,1.3213,2.01667,0.0019076,0.0019076,0.0019076
16,126.726,2.61993,1.39978,2.05653,0.80032,0.75,0.83892,0.26114,2.41616,1.17014,2.0172,0.001901,0.001901,0.001901
17,134.266,2.63287,1.39475,1.98922,0.87891,0.71429,0.89762,0.4002,2.09388,1.0663,1.92825,0.0018944,0.0018944,0.0018944
18,140.881,2.57502,1.36525,1.98711,0.64025,0.67857,0.63186,0.17583,2.41887,1.57907,2.10659,0.0018878,0.0018878,0.0018878
19,148.258,2.52228,1.34336,1.98839,0.74772,0.78571,0.87738,0.32127,2.23204,1.16918,2.00071,0.0018812,0.0018812,0.0018812
20,154.832,2.47237,1.33694,1.98726,0.52184,0.71429,0.62106,0.19306,2.43832,1.57879,2.12251,0.0018746,0.0018746,0.0018746
21,162.007,2.43012,1.31958,1.97161,0.84741,0.67857,0.86515,0.29993,2.28518,1.07191,2.0122,0.001868,0.001868,0.001868
22,168.84,2.44079,1.26955,1.95288,0.91351,0.75461,0.92853,0.35526,2.1119,1.04112,1.92944,0.0018614,0.0018614,0.0018614
23,175.756,2.34767,1.21971,1.92976,0.9197,0.81826,0.95069,0.34096,2.30626,1.05768,1.97457,0.0018548,0.0018548,0.0018548
24,182.965,2.31912,1.18899,1.90638,0.78028,0.78571,0.8887,0.3082,2.40781,1.05563,2.01676,0.0018482,0.0018482,0.0018482
25,189.496,2.38881,1.18931,1.9416,0.91215,0.96429,0.97659,0.3642,2.15129,0.92505,1.96975,0.0018416,0.0018416,0.0018416
26,196.717,2.2714,1.14846,1.8983,0.86374,0.9058,0.95281,0.27589,2.44754,1.10615,1.95568,0.001835,0.001835,0.001835
27,203.27,2.25049,1.13657,1.88352,0.94631,0.85714,0.91867,0.31866,2.31185,0.99414,1.98598,0.0018284,0.0018284,0.0018284
28,210.58,2.21196,1.12385,1.85258,0.96583,0.85714,0.97689,0.38788,1.97564,0.86012,1.9221,0.0018218,0.0018218,0.0018218
29,217.34,2.20911,1.1089,1.85742,0.98308,0.85714,0.9751,0.53762,1.73261,0.81022,1.76254,0.0018152,0.0018152,0.0018152
30,224.596,2.14898,1.05009,1.83133,0.93207,0.98041,0.9905,0.4845,1.77272,0.85322,1.75001,0.0018086,0.0018086,0.0018086
31,231.117,2.17502,1.08873,1.83922,0.96167,0.89613,0.98614,0.39518,2.07267,0.97303,1.93092,0.001802,0.001802,0.001802
32,238.352,2.24547,1.13808,1.8208,1,0.81839,0.95462,0.48636,1.90876,0.89309,1.79099,0.0017954,0.0017954,0.0017954
33,245.404,2.13167,1.07783,1.82527,0.89203,0.88546,0.92363,0.47571,1.85042,0.88,1.77887,0.0017888,0.0017888,0.0017888
34,252.266,2.14314,1.08093,1.82044,0.92965,0.96429,0.98187,0.46681,1.81957,0.85175,1.79273,0.0017822,0.0017822,0.0017822
35,259.51,2.07839,1.04106,1.78985,0.99786,0.89286,0.97525,0.45528,1.86321,0.91771,1.83149,0.0017756,0.0017756,0.0017756
36,266.063,2.11523,1.05276,1.82032,0.98474,0.96429,0.993,0.48941,1.77631,0.8022,1.7989,0.001769,0.001769,0.001769
37,273.414,2.03739,0.98248,1.7916,0.9726,0.85714,0.97403,0.49316,1.82581,0.77583,1.76515,0.0017624,0.0017624,0.0017624
38,279.971,2.05453,1.0069,1.77047,0.93236,0.98495,0.98679,0.45135,1.87828,0.88526,1.84333,0.0017558,0.0017558,0.0017558
39,287.306,2.11469,1.03701,1.78214,0.95764,0.80776,0.95961,0.45786,1.86194,0.87129,1.7903,0.0017492,0.0017492,0.0017492
40,293.821,2.08518,1.03305,1.77781,0.95227,0.85714,0.96908,0.34975,2.07393,0.93684,1.85804,0.0017426,0.0017426,0.0017426
41,301.065,2.13425,1.0469,1.76776,0.91365,0.89286,0.95136,0.34783,2.24805,0.99053,1.89982,0.001736,0.001736,0.001736
42,307.924,2.12214,1.06542,1.8131,0.9564,0.96429,0.9865,0.49548,1.69194,0.81444,1.75392,0.0017294,0.0017294,0.0017294
43,314.886,2.06918,1.03029,1.77155,0.83435,0.78571,0.91348,0.35447,2.02909,0.90579,1.8591,0.0017228,0.0017228,0.0017228
44,322.238,2.04236,1.00904,1.76968,0.90603,0.96429,0.9736,0.45494,1.82719,0.85222,1.81949,0.0017162,0.0017162,0.0017162
45,328.798,1.99026,0.97754,1.74354,0.92866,1,0.98367,0.49379,1.73173,0.8072,1.76422,0.0017096,0.0017096,0.0017096
46,336.192,2.00889,0.98248,1.76224,0.89898,0.95377,0.96388,0.38186,2.01064,0.89557,1.76511,0.001703,0.001703,0.001703
47,342.773,2.05313,1.02948,1.74622,0.98326,0.89286,0.97875,0.44609,1.84245,0.84828,1.80194,0.0016964,0.0016964,0.0016964
48,349.99,2.00648,0.97891,1.73137,0.86492,1,0.96639,0.43269,1.96093,0.87117,1.81072,0.0016898,0.0016898,0.0016898
49,356.521,1.99808,0.98455,1.73946,0.8029,0.87319,0.89303,0.39509,2.02612,0.93699,1.84352,0.0016832,0.0016832,0.0016832
50,363.786,2.05158,1.04778,1.76161,0.92451,0.96429,0.96763,0.44889,1.76598,0.91021,1.75304,0.0016766,0.0016766,0.0016766
51,370.374,2.04304,1.01584,1.75958,0.92201,0.96429,0.98331,0.45913,1.711,0.80008,1.75436,0.00167,0.00167,0.00167
52,377.567,1.97837,0.98372,1.74766,0.93041,0.96429,0.9684,0.41398,2.05468,0.80175,1.87178,0.0016634,0.0016634,0.0016634
53,384.436,1.99712,0.99232,1.72974,0.82051,0.97985,0.97021,0.37258,2.06063,0.97173,1.94718,0.0016568,0.0016568,0.0016568
54,391.254,1.99766,0.98938,1.7538,0.92197,1,0.98907,0.42776,2.02281,0.81353,1.79965,0.0016502,0.0016502,0.0016502
55,398.616,1.99494,0.94666,1.73776,0.93155,0.97228,0.98679,0.47981,1.78263,0.83386,1.68154,0.0016436,0.0016436,0.0016436
56,405.26,1.97478,0.98374,1.74466,1,0.98792,0.995,0.48167,1.73544,0.83822,1.74243,0.001637,0.001637,0.001637
57,412.559,1.96296,0.99906,1.72286,0.9528,1,0.99259,0.49676,1.74608,0.77702,1.73479,0.0016304,0.0016304,0.0016304
58,419.07,1.94458,0.97749,1.72444,0.90083,1,0.97987,0.42442,2.00508,0.82577,1.88013,0.0016238,0.0016238,0.0016238
59,426.414,1.93472,0.95826,1.70613,0.9628,1,0.99397,0.42509,1.82457,0.77412,1.77978,0.0016172,0.0016172,0.0016172
60,433.082,1.95496,0.96191,1.70414,0.90121,0.97766,0.98267,0.50179,1.72185,0.81255,1.7187,0.0016106,0.0016106,0.0016106
61,440.293,1.93589,0.94553,1.71274,0.90235,1,0.96792,0.50296,1.68008,0.78617,1.7177,0.001604,0.001604,0.001604
62,447.194,1.9016,0.94407,1.66795,0.92639,1,0.98679,0.43335,1.85959,0.79599,1.74933,0.0015974,0.0015974,0.0015974
63,454.062,1.85626,0.92881,1.66165,0.92852,0.92793,0.94407,0.49151,1.65962,0.78863,1.68025,0.0015908,0.0015908,0.0015908
64,461.35,1.93763,0.93514,1.68364,0.88812,1,0.98014,0.50264,1.80828,0.81867,1.71665,0.0015842,0.0015842,0.0015842
65,468.013,1.90042,0.94815,1.65551,0.89321,0.96429,0.94784,0.45145,1.87486,0.82438,1.74014,0.0015776,0.0015776,0.0015776
66,475.377,1.88879,0.91881,1.6615,0.92712,1,0.98922,0.45086,1.77723,0.77884,1.69012,0.001571,0.001571,0.001571
67,481.945,1.88819,0.92193,1.65136,0.79498,0.96429,0.96841,0.46807,1.79499,0.87075,1.72675,0.0015644,0.0015644,0.0015644
68,489.243,1.8835,0.93551,1.67003,0.93123,1,0.98663,0.4155,1.85616,0.84969,1.78966,0.0015578,0.0015578,0.0015578
69,495.797,1.90036,0.93789,1.68266,1,0.98833,0.995,0.49658,1.80664,0.76611,1.71447,0.0015512,0.0015512,0.0015512
70,503.105,1.91799,0.93804,1.66973,0.9286,1,0.98774,0.46079,1.82445,0.83774,1.71463,0.0015446,0.0015446,0.0015446
71,509.866,1.87799,0.9369,1.64272,0.92906,1,0.98515,0.48465,1.73124,0.77118,1.73431,0.001538,0.001538,0.001538
72,516.834,1.88334,0.91935,1.6307,0.89782,1,0.98675,0.43757,1.81153,0.78744,1.74697,0.0015314,0.0015314,0.0015314
73,524.056,1.92348,0.90914,1.64511,0.95778,1,0.99017,0.45861,1.76755,0.77787,1.68435,0.0015248,0.0015248,0.0015248
74,530.846,1.87602,0.91208,1.64493,0.94659,1,0.99155,0.45858,1.63669,0.76463,1.6569,0.0015182,0.0015182,0.0015182
75,538.135,1.87996,0.92167,1.65265,0.95722,0.89286,0.97817,0.44902,1.73313,0.84195,1.68353,0.0015116,0.0015116,0.0015116
76,544.675,1.87725,0.94583,1.63338,0.96393,0.95463,0.98514,0.50447,1.64455,0.8043,1.69969,0.001505,0.001505,0.001505
77,551.946,1.87976,0.92309,1.64312,0.89089,1,0.96883,0.49626,1.60976,0.75209,1.66333,0.0014984,0.0014984,0.0014984
78,558.57,1.82054,0.88858,1.62968,0.92786,1,0.98774,0.47151,1.72878,0.73993,1.7075,0.0014918,0.0014918,0.0014918
79,565.826,1.84295,0.89292,1.65592,0.87265,1,0.98466,0.47021,1.6893,0.80944,1.69046,0.0014852,0.0014852,0.0014852
80,572.374,1.90461,0.94105,1.66644,0.88969,0.96429,0.96523,0.40089,1.90015,0.80261,1.83129,0.0014786,0.0014786,0.0014786
81,579.628,1.87925,0.93656,1.64808,0.93144,1,0.98287,0.4111,1.79288,0.85611,1.76094,0.001472,0.001472,0.001472
82,586.749,1.90932,0.90986,1.64998,0.96521,0.99107,0.97293,0.46189,1.7325,0.8163,1.65109,0.0014654,0.0014654,0.0014654
83,593.702,1.87628,0.91169,1.66896,0.92946,1,0.98515,0.42326,1.80305,0.80312,1.74019,0.0014588,0.0014588,0.0014588
84,600.918,1.82773,0.89528,1.62167,0.9569,1,0.99259,0.45089,1.81978,0.78144,1.70288,0.0014522,0.0014522,0.0014522
85,607.459,1.83305,0.8953,1.6456,0.92222,1,0.96867,0.49589,1.61442,0.72005,1.6474,0.0014456,0.0014456,0.0014456
86,614.678,1.80871,0.89661,1.62308,0.95973,1,0.99155,0.46418,1.77991,0.7765,1.70071,0.001439,0.001439,0.001439
87,621.214,1.84886,0.87715,1.63576,0.93167,0.9741,0.98907,0.4782,1.75264,0.73741,1.67277,0.0014324,0.0014324,0.0014324
88,628.486,1.88567,0.9093,1.64066,0.84379,0.96429,0.95491,0.44584,1.71242,0.83126,1.62749,0.0014258,0.0014258,0.0014258
89,634.998,1.81954,0.89557,1.62303,0.93297,1,0.98914,0.40859,1.82008,0.82052,1.79776,0.0014192,0.0014192,0.0014192
90,642.285,1.83416,0.88468,1.60867,0.96513,0.98891,0.98776,0.51251,1.57614,0.75065,1.63437,0.0014126,0.0014126,0.0014126
91,648.947,1.82711,0.87241,1.60836,0.96519,0.9905,0.99259,0.45748,1.76934,0.74498,1.70726,0.001406,0.001406,0.001406
92,656.124,1.83929,0.87555,1.61497,0.92881,1,0.99033,0.46977,1.75043,0.71947,1.68979,0.0013994,0.0013994,0.0013994
93,663.379,1.81404,0.88834,1.60292,0.93057,1,0.98774,0.48067,1.72081,0.71602,1.64874,0.0013928,0.0013928,0.0013928
94,670.098,1.81392,0.85794,1.58727,0.96538,0.99591,0.99259,0.49557,1.61224,0.75424,1.62044,0.0013862,0.0013862,0.0013862
95,677.406,1.81179,0.8794,1.6025,0.93277,0.99121,0.98774,0.47741,1.65686,0.73129,1.68747,0.0013796,0.0013796,0.0013796
96,683.97,1.83977,0.88389,1.61266,0.92742,1,0.98367,0.43108,1.81318,0.76687,1.67141,0.001373,0.001373,0.001373
97,691.306,1.83862,0.89616,1.60806,0.92636,1,0.98833,0.48376,1.72344,0.73107,1.70943,0.0013664,0.0013664,0.0013664
98,697.853,1.81543,0.89426,1.59988,0.96534,1,0.99155,0.41117,1.89595,0.77723,1.76923,0.0013598,0.0013598,0.0013598
99,705.225,1.8262,0.87946,1.61009,0.96532,0.99433,0.99017,0.50871,1.62512,0.71593,1.63413,0.0013532,0.0013532,0.0013532
100,711.756,1.78044,0.85068,1.57538,0.93293,0.99368,0.9905,0.42365,2.14674,0.83312,1.90733,0.0013466,0.0013466,0.0013466
101,718.91,1.82017,0.85915,1.61981,0.96527,0.99274,0.99017,0.5183,1.69819,0.70703,1.63519,0.00134,0.00134,0.00134
102,725.994,1.85761,0.90091,1.60681,0.96423,0.96281,0.99157,0.48953,1.61287,0.77641,1.6143,0.0013334,0.0013334,0.0013334
103,732.823,1.79192,0.86576,1.59155,0.90264,0.99353,0.97883,0.47124,1.77935,0.77326,1.72238,0.0013268,0.0013268,0.0013268
104,740.071,1.81856,0.85971,1.6201,0.94807,1,0.99017,0.49086,1.73013,0.74071,1.72881,0.0013202,0.0013202,0.0013202
105,746.664,1.80483,0.8579,1.61592,0.89762,1,0.98452,0.49877,1.70818,0.72483,1.60546,0.0013136,0.0013136,0.0013136
106,753.89,1.80562,0.87269,1.61323,0.9575,0.92857,0.98304,0.47451,1.82751,0.78591,1.69702,0.001307,0.001307,0.001307
107,760.534,1.7867,0.85794,1.5894,0.98807,0.92857,0.99157,0.43632,1.66012,0.74834,1.64349,0.0013004,0.0013004,0.0013004
108,767.879,1.73632,0.84158,1.57077,0.95939,1,0.99017,0.5418,1.59946,0.7016,1.60939,0.0012938,0.0012938,0.0012938
109,774.471,1.84458,0.87893,1.56666,0.96054,1,0.99017,0.51923,1.6879,0.69767,1.62627,0.0012872,0.0012872,0.0012872
110,781.856,1.77386,0.85273,1.55065,0.95716,1,0.98914,0.4979,1.72395,0.70217,1.66674,0.0012806,0.0012806,0.0012806
111,788.631,1.78984,0.8621,1.58741,0.95174,1,0.99155,0.47895,1.7725,0.7495,1.64497,0.001274,0.001274,0.001274
112,795.659,1.79858,0.88216,1.58142,0.96325,1,0.99155,0.50508,1.62671,0.70799,1.64376,0.0012674,0.0012674,0.0012674
113,802.878,1.8261,0.87076,1.60058,0.89526,1,0.98563,0.40649,2.10858,0.82026,1.81894,0.0012608,0.0012608,0.0012608
114,809.525,1.87362,0.87548,1.62051,0.95954,1,0.99259,0.51932,1.68369,0.68075,1.66357,0.0012542,0.0012542,0.0012542
115,816.746,1.7572,0.8608,1.55632,0.95493,1,0.995,0.48728,1.68319,0.76832,1.58258,0.0012476,0.0012476,0.0012476
116,823.351,1.75431,0.87477,1.57736,0.92888,1,0.98774,0.50336,1.74479,0.73081,1.73131,0.001241,0.001241,0.001241
117,830.726,1.73374,0.82249,1.57723,0.96107,1,0.98914,0.46052,1.88685,0.76188,1.69769,0.0012344,0.0012344,0.0012344
118,837.234,1.78855,0.82791,1.55331,0.957,1,0.99017,0.4831,1.78761,0.75844,1.70341,0.0012278,0.0012278,0.0012278
119,844.517,1.77201,0.83582,1.56538,0.96045,0.96429,0.9871,0.4482,1.8623,0.76945,1.63464,0.0012212,0.0012212,0.0012212
120,851.075,1.71371,0.82447,1.53355,0.93021,1,0.98922,0.47182,1.73211,0.69715,1.75973,0.0012146,0.0012146,0.0012146
121,858.443,1.72135,0.83899,1.5637,0.9282,1,0.97697,0.51214,1.67462,0.66099,1.68057,0.001208,0.001208,0.001208
122,865.663,1.74207,0.81687,1.54255,0.92888,1,0.97443,0.45688,1.79122,0.69138,1.66656,0.0012014,0.0012014,0.0012014
123,872.451,1.76812,0.85397,1.57307,0.99544,1,0.995,0.52784,1.57384,0.68637,1.62715,0.0011948,0.0011948,0.0011948
124,879.683,1.80421,0.84542,1.57454,0.99602,1,0.995,0.51594,1.61288,0.68377,1.63182,0.0011882,0.0011882,0.0011882
125,886.322,1.75436,0.83459,1.56109,0.92911,1,0.98922,0.46877,1.72812,0.78669,1.67009,0.0011816,0.0011816,0.0011816
126,893.678,1.79551,0.84269,1.56863,0.95746,1,0.99017,0.47855,1.84318,0.73592,1.72624,0.001175,0.001175,0.001175
127,900.229,1.80191,0.85861,1.59679,0.92952,1,0.98679,0.48966,1.77068,0.69911,1.69733,0.0011684,0.0011684,0.0011684
128,907.52,1.77264,0.82555,1.56808,0.93325,0.99876,0.9905,0.50651,1.69797,0.73888,1.66783,0.0011618,0.0011618,0.0011618
129,914.065,1.80914,0.8763,1.58557,0.92899,1,0.98833,0.48498,1.66605,0.764,1.67789,0.0011552,0.0011552,0.0011552
130,921.376,1.74724,0.83213,1.56553,0.92741,1,0.98833,0.44983,1.8614,0.71908,1.79557,0.0011486,0.0011486,0.0011486
131,928.184,1.75645,0.84405,1.55233,0.96407,0.95842,0.98114,0.52041,1.74298,0.70897,1.66956,0.001142,0.001142,0.001142
132,935.197,1.73631,0.81742,1.54651,0.96431,1,0.98776,0.45794,1.73549,0.72323,1.6112,0.0011354,0.0011354,0.0011354
133,942.469,1.78107,0.85829,1.56372,0.93067,1,0.98833,0.44312,1.89386,0.70809,1.7469,0.0011288,0.0011288,0.0011288
134,949.045,1.75685,0.83657,1.58467,0.96532,1,0.99397,0.47497,1.85035,0.69269,1.76166,0.0011222,0.0011222,0.0011222
135,956.259,1.71794,0.81304,1.54216,0.96499,1,0.99259,0.52023,1.63714,0.72947,1.62507,0.0011156,0.0011156,0.0011156
136,962.748,1.7258,0.82444,1.56521,0.93006,1,0.98679,0.46045,1.7473,0.73935,1.76672,0.001109,0.001109,0.001109
137,970.123,1.74119,0.82001,1.54689,0.92956,1,0.99157,0.4584,1.84178,0.68734,1.75977,0.0011024,0.0011024,0.0011024
138,976.742,1.75594,0.81103,1.55969,0.96537,0.99579,0.99397,0.46689,1.75666,0.6398,1.68907,0.0010958,0.0010958,0.0010958
139,984.078,1.74334,0.82744,1.54235,0.9299,1,0.99033,0.50524,1.68112,0.72561,1.66643,0.0010892,0.0010892,0.0010892
140,990.593,1.75809,0.83454,1.5651,0.96542,0.99719,0.97776,0.49516,1.78145,0.70899,1.66587,0.0010826,0.0010826,0.0010826
141,997.847,1.83789,0.84219,1.6055,0.96536,0.99544,0.98397,0.48069,1.84538,0.76684,1.68766,0.001076,0.001076,0.001076
142,1004.98,1.74757,0.851,1.55886,0.959,1,0.98914,0.44727,1.88091,0.73207,1.91765,0.0010694,0.0010694,0.0010694
143,1011.79,1.74484,0.84083,1.56058,0.96133,1,0.99259,0.51859,1.57756,0.65449,1.57717,0.0010628,0.0010628,0.0010628
144,1019.07,1.79494,0.84935,1.56447,0.9654,0.99648,0.99155,0.50374,1.6661,0.6572,1.62319,0.0010562,0.0010562,0.0010562
145,1025.65,1.77057,0.8392,1.53571,0.92663,1,0.988,0.49634,1.72071,0.71131,1.62487,0.0010496,0.0010496,0.0010496
146,1033.03,1.73757,0.83608,1.54213,0.96096,1,0.99155,0.52294,1.58873,0.65866,1.63923,0.001043,0.001043,0.001043
147,1039.62,1.76225,0.82231,1.55928,0.9653,0.99362,0.98776,0.44475,1.98537,0.72245,1.75438,0.0010364,0.0010364,0.0010364
148,1046.97,1.78803,0.8219,1.58072,0.96496,0.98375,0.99259,0.49046,1.76718,0.7127,1.66319,0.0010298,0.0010298,0.0010298
149,1053.53,1.73099,0.83297,1.54257,0.92877,1,0.98922,0.47609,1.80829,0.67443,1.6685,0.0010232,0.0010232,0.0010232
150,1060.97,1.72188,0.8264,1.55792,0.93298,0.99448,0.98679,0.46283,1.77444,0.69026,1.70897,0.0010166,0.0010166,0.0010166
151,1067.9,1.74173,0.82364,1.54702,0.93075,1,0.99033,0.53378,1.6622,0.65825,1.59192,0.00101,0.00101,0.00101
152,1074.76,1.72043,0.80577,1.54442,0.96544,0.99788,0.99017,0.49744,1.69826,0.70459,1.65218,0.0010034,0.0010034,0.0010034
153,1082.04,1.66189,0.80515,1.50383,0.933,0.99482,0.98515,0.51846,1.61759,0.7135,1.5857,0.0009968,0.0009968,0.0009968
154,1088.97,1.68486,0.81048,1.53037,0.93289,1,0.98107,0.47763,1.75854,0.68795,1.69079,0.0009902,0.0009902,0.0009902
155,1096.2,1.72075,0.81885,1.5524,0.96459,1,0.995,0.50757,1.66689,0.67448,1.59625,0.0009836,0.0009836,0.0009836
156,1102.87,1.69122,0.80458,1.51446,0.96132,1,0.99259,0.49036,1.7148,0.66537,1.65593,0.000977,0.000977,0.000977
157,1110.36,1.68706,0.80477,1.52595,0.93184,1,0.98922,0.47132,1.77699,0.69763,1.77199,0.0009704,0.0009704,0.0009704
158,1116.97,1.73066,0.82982,1.54294,0.92451,1,0.98922,0.49372,1.70184,0.66934,1.61719,0.0009638,0.0009638,0.0009638
159,1124.46,1.67404,0.80671,1.52508,0.95356,1,0.99259,0.51701,1.68309,0.62579,1.61026,0.0009572,0.0009572,0.0009572
160,1131.3,1.72682,0.80337,1.54807,0.92551,1,0.98922,0.47829,1.79637,0.64824,1.78031,0.0009506,0.0009506,0.0009506
161,1138.5,1.70966,0.80375,1.52704,0.96532,0.99424,0.99017,0.52091,1.69876,0.66082,1.58653,0.000944,0.000944,0.000944
162,1145.89,1.71653,0.79854,1.53951,0.96382,1,0.99397,0.45542,1.79415,0.70157,1.77042,0.0009374,0.0009374,0.0009374
163,1152.58,1.72967,0.83032,1.54714,0.96167,1,0.99397,0.52264,1.67682,0.74803,1.6293,0.0009308,0.0009308,0.0009308
164,1160.2,1.72973,0.81109,1.5613,0.98223,1,0.995,0.51698,1.71967,0.67549,1.67427,0.0009242,0.0009242,0.0009242
165,1166.78,1.73115,0.83736,1.54806,0.99542,1,0.995,0.47717,1.64565,0.6513,1.62954,0.0009176,0.0009176,0.0009176
166,1174.05,1.7159,0.82343,1.53574,0.96381,1,0.99155,0.44597,1.83711,0.73227,1.87421,0.000911,0.000911,0.000911
167,1180.75,1.68924,0.81399,1.54656,0.92769,1,0.98922,0.53258,1.6528,0.65001,1.61658,0.0009044,0.0009044,0.0009044
168,1188.24,1.69957,0.80082,1.55311,0.96072,1,0.98776,0.52177,1.79133,0.68982,1.67928,0.0008978,0.0008978,0.0008978
169,1195.01,1.67473,0.80841,1.49973,0.95117,1,0.99155,0.52446,1.61471,0.68609,1.55241,0.0008912,0.0008912,0.0008912
170,1202.17,1.66967,0.79569,1.51294,0.92695,1,0.98833,0.52079,1.69335,0.65522,1.59581,0.0008846,0.0008846,0.0008846
171,1209.4,1.67104,0.78878,1.51792,0.96034,1,0.99397,0.47893,1.74846,0.68232,1.75821,0.000878,0.000878,0.000878
172,1216.18,1.71662,0.80155,1.5193,0.93047,0.96429,0.95508,0.50414,1.64451,0.6135,1.62676,0.0008714,0.0008714,0.0008714
173,1223.59,1.6691,0.80016,1.51438,0.99214,1,0.995,0.50293,1.71419,0.66026,1.73785,0.0008648,0.0008648,0.0008648
174,1230.18,1.70518,0.80724,1.52958,0.96526,0.9926,0.99259,0.54423,1.64381,0.62299,1.61261,0.0008582,0.0008582,0.0008582
175,1237.51,1.6699,0.78267,1.51401,0.96522,0.99138,0.99259,0.53534,1.62952,0.66259,1.64314,0.0008516,0.0008516,0.0008516
176,1244.08,1.68233,0.81546,1.51584,0.96374,0.94967,0.99067,0.48531,1.75076,0.75129,1.67725,0.000845,0.000845,0.000845
177,1251.6,1.74437,0.81249,1.51546,0.96126,1,0.99397,0.50867,1.61805,0.67938,1.60381,0.0008384,0.0008384,0.0008384
178,1258.32,1.70592,0.80258,1.5068,0.96024,1,0.99259,0.48597,1.7831,0.68482,1.75253,0.0008318,0.0008318,0.0008318
179,1265.68,1.71489,0.80796,1.52291,1,0.99372,0.995,0.54016,1.61201,0.61192,1.59306,0.0008252,0.0008252,0.0008252
180,1272.56,1.69045,0.7913,1.51309,0.95969,1,0.99397,0.52573,1.64939,0.63588,1.58314,0.0008186,0.0008186,0.0008186
181,1279.55,1.68205,0.80199,1.51513,1,0.99479,0.995,0.52836,1.63006,0.66414,1.65897,0.000812,0.000812,0.000812
182,1287.08,1.70657,0.82244,1.53107,0.96543,0.99736,0.99259,0.49829,1.73434,0.68144,1.72846,0.0008054,0.0008054,0.0008054
183,1293.64,1.68152,0.80473,1.50431,0.96526,0.99244,0.99259,0.54448,1.66239,0.63064,1.58852,0.0007988,0.0007988,0.0007988
184,1301.09,1.65081,0.79979,1.49408,0.96544,0.99788,0.99259,0.51988,1.69471,0.63184,1.711,0.0007922,0.0007922,0.0007922
185,1307.94,1.63213,0.7874,1.50087,0.96376,1,0.99397,0.5139,1.68059,0.65682,1.58146,0.0007856,0.0007856,0.0007856
186,1315.32,1.66289,0.78145,1.50317,1,0.99634,0.995,0.48576,1.67808,0.62309,1.67533,0.000779,0.000779,0.000779
187,1322.15,1.64005,0.77481,1.51564,0.96551,0.99985,0.99397,0.53089,1.70312,0.642,1.59873,0.0007724,0.0007724,0.0007724
188,1329.37,1.63689,0.77218,1.4944,1,0.99214,0.995,0.54583,1.69091,0.62478,1.6422,0.0007658,0.0007658,0.0007658
189,1336.26,1.68344,0.7823,1.52232,0.99873,1,0.995,0.51265,1.68822,0.65166,1.64388,0.0007592,0.0007592,0.0007592
190,1343.26,1.64165,0.78444,1.49423,1,0.98377,0.995,0.55171,1.61901,0.63694,1.61259,0.0007526,0.0007526,0.0007526
191,1350.75,1.64787,0.77905,1.49059,0.9948,0.96429,0.99397,0.54243,1.67128,0.63641,1.69675,0.000746,0.000746,0.000746
192,1357.35,1.63908,0.7828,1.49438,1,0.99229,0.995,0.548,1.6195,0.63736,1.66348,0.0007394,0.0007394,0.0007394
193,1364.66,1.7106,0.79179,1.51498,0.96065,1,0.99017,0.51961,1.74969,0.69657,1.61079,0.0007328,0.0007328,0.0007328
194,1371.27,1.69379,0.8157,1.4824,0.92654,0.96429,0.98727,0.51739,1.70927,0.63355,1.6387,0.0007262,0.0007262,0.0007262
195,1378.62,1.67033,0.80459,1.5229,0.9609,1,0.99397,0.57256,1.57829,0.63714,1.56256,0.0007196,0.0007196,0.0007196
196,1385.31,1.69038,0.79483,1.49006,1,0.9964,0.995,0.52847,1.6479,0.63931,1.64271,0.000713,0.000713,0.000713
197,1392.66,1.6775,0.78967,1.51776,0.96527,0.9929,0.99397,0.50647,1.67479,0.65036,1.67725,0.0007064,0.0007064,0.0007064
198,1399.33,1.66743,0.80407,1.49781,0.96528,0.99303,0.99259,0.51642,1.57982,0.65922,1.59945,0.0006998,0.0006998,0.0006998
199,1406.5,1.67553,0.78899,1.52343,0.99411,1,0.995,0.48709,1.70385,0.66805,1.78628,0.0006932,0.0006932,0.0006932
200,1413.65,1.64057,0.78126,1.48485,0.96545,0.998,0.9619,0.51782,1.63194,0.65581,1.6166,0.0006866,0.0006866,0.0006866
201,1420.55,1.63228,0.76606,1.49285,0.96246,1,0.98052,0.54551,1.68111,0.62974,1.67243,0.00068,0.00068,0.00068
202,1427.83,1.62216,0.75633,1.45287,1,0.99356,0.995,0.54509,1.6153,0.64644,1.56024,0.0006734,0.0006734,0.0006734
203,1434.42,1.60974,0.77128,1.47095,0.9603,1,0.98052,0.5201,1.72041,0.65628,1.66518,0.0006668,0.0006668,0.0006668
204,1441.74,1.59928,0.76781,1.45811,0.96549,0.99925,0.99397,0.51831,1.75741,0.62531,1.71256,0.0006602,0.0006602,0.0006602
205,1448.39,1.63077,0.75702,1.48714,1,0.99257,0.995,0.54673,1.71797,0.61812,1.74648,0.0006536,0.0006536,0.0006536
206,1455.71,1.64975,0.77144,1.49418,1,0.99282,0.995,0.49919,1.84528,0.66401,1.87029,0.000647,0.000647,0.000647
207,1462.3,1.63139,0.76129,1.4731,0.9615,1,0.99397,0.5699,1.55353,0.61727,1.58098,0.0006404,0.0006404,0.0006404
208,1469.59,1.646,0.75715,1.47387,1,0.99812,0.995,0.5363,1.69897,0.62155,1.73567,0.0006338,0.0006338,0.0006338
209,1476.21,1.63724,0.76868,1.49528,0.99334,1,0.995,0.55212,1.64522,0.61724,1.58531,0.0006272,0.0006272,0.0006272
210,1483.42,1.63307,0.78095,1.45513,0.99704,1,0.995,0.54539,1.63394,0.64801,1.68834,0.0006206,0.0006206,0.0006206
211,1490.58,1.60181,0.76902,1.4755,0.95947,1,0.99259,0.53424,1.70365,0.66745,1.75617,0.000614,0.000614,0.000614
212,1497.36,1.68817,0.78529,1.51358,0.92198,1,0.99157,0.53736,1.57348,0.62381,1.56721,0.0006074,0.0006074,0.0006074
213,1504.56,1.62275,0.76728,1.46813,1,0.98748,0.995,0.5442,1.58472,0.6271,1.58504,0.0006008,0.0006008,0.0006008
214,1511.35,1.62017,0.76986,1.47592,1,0.99604,0.995,0.557,1.51617,0.63747,1.5829,0.0005942,0.0005942,0.0005942
215,1518.63,1.64509,0.76556,1.50242,1,0.95962,0.99397,0.53513,1.76789,0.63122,1.71575,0.0005876,0.0005876,0.0005876
216,1525.23,1.62675,0.74832,1.48902,1,0.9933,0.995,0.54694,1.62702,0.61155,1.58646,0.000581,0.000581,0.000581
217,1532.52,1.68021,0.7697,1.49403,1,0.99393,0.995,0.50004,1.80171,0.63207,1.73534,0.0005744,0.0005744,0.0005744
218,1539.14,1.67323,0.77381,1.4957,1,0.9967,0.995,0.52807,1.73255,0.62457,1.54534,0.0005678,0.0005678,0.0005678
219,1546.45,1.64968,0.7685,1.48066,0.96141,1,0.99397,0.48291,1.83488,0.6337,1.88151,0.0005612,0.0005612,0.0005612
220,1553.36,1.64781,0.76908,1.48881,0.96084,1,0.99259,0.56499,1.54283,0.615,1.50414,0.0005546,0.0005546,0.0005546
221,1560.28,1.69625,0.79263,1.50821,0.99652,1,0.995,0.5679,1.56012,0.62068,1.5514,0.000548,0.000548,0.000548
222,1567.6,1.65361,0.76562,1.50381,0.99274,0.96429,0.99397,0.48412,1.88397,0.66986,1.96085,0.0005414,0.0005414,0.0005414
223,1574.15,1.6226,0.76336,1.48145,0.96497,1,0.99397,0.5698,1.55412,0.62572,1.52165,0.0005348,0.0005348,0.0005348
224,1581.57,1.60148,0.76325,1.46836,0.93162,1,0.98922,0.49845,1.7873,0.63886,1.86033,0.0005282,0.0005282,0.0005282
225,1588.13,1.62269,0.76158,1.50014,0.99744,1,0.995,0.5669,1.66674,0.62095,1.58326,0.0005216,0.0005216,0.0005216
226,1595.87,1.61079,0.74748,1.46278,0.99615,1,0.995,0.55048,1.61619,0.61715,1.64163,0.000515,0.000515,0.000515
227,1602.47,1.6351,0.75152,1.49007,0.96195,1,0.99397,0.56549,1.63269,0.61319,1.59671,0.0005084,0.0005084,0.0005084
228,1609.95,1.59729,0.74515,1.44511,0.95757,1,0.99397,0.57394,1.63828,0.62623,1.5925,0.0005018,0.0005018,0.0005018
229,1616.84,1.62408,0.75169,1.43975,0.99652,1,0.995,0.50917,1.7172,0.63806,1.76005,0.0004952,0.0004952,0.0004952
230,1623.85,1.58914,0.75742,1.47,1,0.99823,0.995,0.56192,1.66182,0.63374,1.67284,0.0004886,0.0004886,0.0004886
231,1631.08,1.59105,0.75238,1.44944,0.99678,1,0.995,0.5506,1.62179,0.62058,1.57568,0.000482,0.000482,0.000482
232,1637.72,1.57293,0.74821,1.45318,0.96155,1,0.99397,0.53302,1.69425,0.60693,1.67029,0.0004754,0.0004754,0.0004754
233,1645.2,1.63722,0.76314,1.48174,0.9992,1,0.995,0.5514,1.61186,0.60888,1.66959,0.0004688,0.0004688,0.0004688
234,1651.72,1.58012,0.73849,1.44742,1,0.99673,0.995,0.54033,1.60343,0.63029,1.67588,0.0004622,0.0004622,0.0004622
235,1659.01,1.5855,0.75109,1.47294,0.96536,0.99554,0.99397,0.54991,1.53567,0.6018,1.61547,0.0004556,0.0004556,0.0004556
236,1665.59,1.60156,0.75523,1.4549,1,0.99429,0.995,0.53737,1.64045,0.60524,1.682,0.000449,0.000449,0.000449
237,1673.06,1.64387,0.75608,1.45577,0.99524,0.96429,0.99397,0.55089,1.66449,0.62223,1.59298,0.0004424,0.0004424,0.0004424
238,1679.69,1.56598,0.74917,1.43144,1,0.99747,0.995,0.53478,1.67697,0.60359,1.63212,0.0004358,0.0004358,0.0004358
239,1686.92,1.57151,0.73958,1.44543,0.93288,0.99294,0.98407,0.55271,1.57552,0.58723,1.55742,0.0004292,0.0004292,0.0004292
240,1693.88,1.59523,0.75645,1.45995,1,0.99592,0.995,0.51931,1.77625,0.61155,1.79776,0.0004226,0.0004226,0.0004226
241,1700.72,1.60393,0.75205,1.46374,1,0.98972,0.995,0.56811,1.61842,0.61464,1.54357,0.000416,0.000416,0.000416
242,1708.23,1.58647,0.74198,1.46234,1,0.99861,0.995,0.51016,1.74401,0.60502,1.79368,0.0004094,0.0004094,0.0004094
243,1714.83,1.62202,0.76285,1.44648,0.99602,1,0.995,0.50234,1.69433,0.61696,1.7536,0.0004028,0.0004028,0.0004028
244,1722.19,1.58843,0.73441,1.46465,0.96543,0.99736,0.99259,0.54038,1.56763,0.55769,1.57449,0.0003962,0.0003962,0.0003962
245,1728.78,1.61298,0.75288,1.4628,0.98895,0.96429,0.99397,0.50276,1.73701,0.60974,1.77296,0.0003896,0.0003896,0.0003896
246,1736.14,1.56083,0.73543,1.44459,1,0.99609,0.995,0.57348,1.51533,0.58024,1.55403,0.000383,0.000383,0.000383
247,1742.83,1.56758,0.74576,1.44107,0.99829,1,0.995,0.50123,1.73027,0.61032,1.81761,0.0003764,0.0003764,0.0003764
248,1750.13,1.5851,0.74522,1.4342,1,0.99791,0.995,0.51231,1.72939,0.6205,1.84933,0.0003698,0.0003698,0.0003698
249,1756.83,1.5887,0.73949,1.43705,1,0.99535,0.995,0.53919,1.58632,0.60542,1.57364,0.0003632,0.0003632,0.0003632
250,1763.95,1.57756,0.73607,1.4292,1,0.99647,0.995,0.51626,1.71885,0.63565,1.78743,0.0003566,0.0003566,0.0003566
251,1771.16,1.62733,0.75312,1.45959,1,0.99621,0.995,0.5305,1.67798,0.60211,1.6565,0.00035,0.00035,0.00035
252,1778.04,1.62921,0.76722,1.45801,0.99177,0.96429,0.99397,0.55543,1.56444,0.60215,1.52259,0.0003434,0.0003434,0.0003434
253,1785.34,1.58708,0.75388,1.45652,0.99193,0.96429,0.99397,0.49504,1.72667,0.61792,1.71098,0.0003368,0.0003368,0.0003368
254,1791.98,1.55895,0.72797,1.44705,1,0.99786,0.995,0.52364,1.62842,0.59602,1.52723,0.0003302,0.0003302,0.0003302
255,1799.4,1.60448,0.74623,1.44234,1,0.99227,0.995,0.4942,1.70073,0.6218,1.63034,0.0003236,0.0003236,0.0003236
256,1806.12,1.59533,0.74695,1.45512,1,0.99788,0.995,0.47178,1.80571,0.62791,1.92509,0.000317,0.000317,0.000317
257,1813.5,1.55576,0.72653,1.43954,1,0.99805,0.995,0.53436,1.6345,0.61261,1.63563,0.0003104,0.0003104,0.0003104
258,1820.06,1.55743,0.73921,1.4502,1,0.99565,0.995,0.54115,1.59186,0.60336,1.60746,0.0003038,0.0003038,0.0003038
259,1827.35,1.55009,0.73519,1.43807,0.99716,1,0.995,0.52814,1.6979,0.61874,1.71291,0.0002972,0.0002972,0.0002972
260,1834.26,1.58772,0.74342,1.42628,0.99594,1,0.995,0.54942,1.70549,0.60565,1.60334,0.0002906,0.0002906,0.0002906
261,1841.31,1.56195,0.7367,1.45599,1,0.99973,0.995,0.53405,1.66762,0.60195,1.7101,0.000284,0.000284,0.000284
262,1848.65,1.5856,0.73676,1.42837,0.99822,1,0.995,0.4867,1.79614,0.63526,1.89113,0.0002774,0.0002774,0.0002774
263,1855.18,1.54505,0.72527,1.40585,1,0.98996,0.995,0.51502,1.68859,0.59285,1.67158,0.0002708,0.0002708,0.0002708
264,1862.51,1.57964,0.7347,1.45349,1,0.99029,0.995,0.47933,1.79491,0.65058,1.85129,0.0002642,0.0002642,0.0002642
265,1869.26,1.57144,0.74613,1.43774,1,0.99427,0.995,0.52918,1.68651,0.59671,1.65271,0.0002576,0.0002576,0.0002576
266,1876.86,1.56357,0.73207,1.43133,1,0.99734,0.995,0.52564,1.60616,0.59987,1.68825,0.000251,0.000251,0.000251
267,1883.58,1.61792,0.74337,1.45227,0.9988,1,0.995,0.4968,1.75198,0.62507,1.87464,0.0002444,0.0002444,0.0002444
268,1890.83,1.54452,0.73125,1.44404,1,0.99983,0.995,0.53352,1.65048,0.57977,1.66703,0.0002378,0.0002378,0.0002378
269,1897.69,1.58335,0.73471,1.46248,1,0.99106,0.995,0.56696,1.58963,0.57305,1.61337,0.0002312,0.0002312,0.0002312
270,1904.77,1.58549,0.73694,1.43466,0.98728,0.96429,0.99397,0.51923,1.75822,0.61116,1.76866,0.0002246,0.0002246,0.0002246
271,1912.43,1.55879,0.74986,1.41319,1,0.99497,0.995,0.53674,1.7444,0.60699,1.65889,0.000218,0.000218,0.000218
272,1919.06,1.57947,0.73652,1.44372,1,0.98605,0.995,0.55779,1.61542,0.58966,1.6266,0.0002114,0.0002114,0.0002114
273,1926.41,1.56392,0.72921,1.42,0.99604,1,0.995,0.52763,1.6381,0.60942,1.69852,0.0002048,0.0002048,0.0002048
274,1932.95,1.51838,0.71645,1.40821,1,0.99543,0.995,0.52443,1.69812,0.57932,1.64939,0.0001982,0.0001982,0.0001982
275,1940.55,1.52274,0.70882,1.39799,0.99714,1,0.995,0.55257,1.61376,0.56972,1.59762,0.0001916,0.0001916,0.0001916
276,1947.23,1.58031,0.73267,1.43135,0.99539,1,0.995,0.55429,1.61897,0.565,1.67097,0.000185,0.000185,0.000185
277,1954.64,1.50623,0.70895,1.41809,1,0.99362,0.995,0.52903,1.72846,0.59498,1.79422,0.0001784,0.0001784,0.0001784
278,1961.58,1.50021,0.71007,1.42362,1,0.95495,0.99397,0.5876,1.60895,0.57743,1.59927,0.0001718,0.0001718,0.0001718
279,1969,1.53279,0.72038,1.4106,1,0.95694,0.99397,0.55881,1.6346,0.56933,1.61661,0.0001652,0.0001652,0.0001652
280,1976.47,1.53886,0.71696,1.42185,0.96535,0.99502,0.99397,0.55959,1.63783,0.57219,1.62936,0.0001586,0.0001586,0.0001586
281,1983.08,1.5049,0.70761,1.39858,0.96523,0.99165,0.99397,0.56378,1.6459,0.5769,1.61404,0.000152,0.000152,0.000152
282,1990.45,1.51194,0.72094,1.39767,0.96537,0.9957,0.99397,0.55926,1.67391,0.58992,1.70025,0.0001454,0.0001454,0.0001454
283,1997.08,1.52413,0.70319,1.38933,0.96516,0.98975,0.99397,0.54506,1.65849,0.60715,1.72445,0.0001388,0.0001388,0.0001388
284,2004.85,1.53718,0.71836,1.39723,1,0.9925,0.995,0.54241,1.64872,0.57892,1.65897,0.0001322,0.0001322,0.0001322
285,2011.48,1.51252,0.70592,1.39759,0.99689,0.96429,0.99397,0.52979,1.70083,0.59358,1.7447,0.0001256,0.0001256,0.0001256
286,2018.94,1.53242,0.71161,1.40644,1,0.99321,0.995,0.50739,1.75519,0.6082,1.85245,0.000119,0.000119,0.000119
287,2025.7,1.50819,0.71196,1.40265,1,0.98899,0.995,0.55586,1.653,0.59315,1.70091,0.0001124,0.0001124,0.0001124
288,2032.94,1.53004,0.70923,1.4391,1,0.98799,0.995,0.56139,1.62589,0.59277,1.68137,0.0001058,0.0001058,0.0001058
289,2040.4,1.52494,0.70877,1.42533,0.99956,1,0.995,0.5355,1.65364,0.59737,1.73053,9.92e-05,9.92e-05,9.92e-05
290,2047.13,1.50722,0.71607,1.41925,1,0.99894,0.995,0.53735,1.66369,0.59522,1.72617,9.26e-05,9.26e-05,9.26e-05
291,2056.51,1.46478,0.68187,1.44399,1,0.99675,0.995,0.56172,1.65927,0.59108,1.70601,8.6e-05,8.6e-05,8.6e-05
292,2063.21,1.48699,0.68306,1.45504,1,0.99831,0.995,0.53475,1.66785,0.59507,1.72516,7.94e-05,7.94e-05,7.94e-05
293,2070.46,1.45294,0.68201,1.46769,1,0.99858,0.995,0.54891,1.67894,0.57602,1.72795,7.28e-05,7.28e-05,7.28e-05
294,2077.14,1.4595,0.66415,1.44192,1,0.99507,0.995,0.58506,1.66764,0.56727,1.68477,6.62e-05,6.62e-05,6.62e-05
295,2084.22,1.45639,0.67896,1.45681,1,0.99615,0.995,0.59118,1.65593,0.59557,1.69511,5.96e-05,5.96e-05,5.96e-05
296,2091.36,1.46744,0.67213,1.43893,1,0.99405,0.995,0.57363,1.68861,0.58741,1.74328,5.3e-05,5.3e-05,5.3e-05
297,2098.06,1.4645,0.66349,1.42587,1,0.99684,0.995,0.5562,1.68876,0.59861,1.75194,4.64e-05,4.64e-05,4.64e-05
298,2105.28,1.46611,0.67368,1.44795,1,0.99661,0.995,0.56074,1.68852,0.58197,1.74844,3.98e-05,3.98e-05,3.98e-05
299,2111.79,1.46197,0.66522,1.43196,1,0.99502,0.995,0.56423,1.67854,0.59352,1.73314,3.32e-05,3.32e-05,3.32e-05
300,2119.03,1.47121,0.66651,1.44713,1,0.99465,0.995,0.55556,1.6749,0.59783,1.73689,2.66e-05,2.66e-05,2.66e-05
